<?xml version="1.0" encoding="windows-1251"?>
<Resources>

  <group name="casket">
    <texture id="fon_casket" path="data\casket\Fon_casket.png"/>
    <texture id="bobcat_casket1" path="data\casket\bobcat_casket1.png"/>
    <texture id="bobcat_casket2" path="data\casket\bobcat_casket2.png"/>
    <texture id="table_casket" path="data\casket\table_casket.png"/>
    <texture id="casket_close" path="data\casket\casket_close.png"/>
    <texture id="casket_open" path="data\casket\casket_open.png"/>
    <texture id="casket_open2" path="data\casket\casket_open2.png"/>
  </group>

  <group name="closet">
    <texture id="switch_mask" path="data\switch_mask.png"/>
    <texture id="broom_closet" path="data\closet\broom_closet.png"/>
    <texture id="bucket_closet" path="data\closet\bucket_closet.png"/>
    <texture id="bullfinch2_closet" path="data\closet\bullfinch2_closet.png"/>
    <texture id="bullfinch_closet" path="data\closet\bullfinch_closet.png"/>
    <texture id="bobcat_closet" path="data\closet\bobcat_closet.png"/>
    <texture id="cheese_closet" path="data\closet\cheese_closet.png"/>
    <texture id="spider_closet" path="data\closet\spider_closet.png"/>
    <texture id="picture_closet" path="data\closet\picture_closet.png"/>
    <texture id="picture2_closet" path="data\closet\picture2_closet.png"/>
    <texture id="dark_closet" path="data\closet\dark_closet.png"/>
    <texture id="stool_closet" path="data\closet\stool_closet.png"/>
    <texture id="fon_closet" path="data\closet\fon_closet.png"/>
    <texture id="mouse_closet" path="data\closet\mouse_closet.png"/>
    <texture id="mouse2_closet" path="data\closet\mouse2_closet.png"/>
    <texture id="broom_closet_mask" path="data\broom_closet_mask.png"/>
    <texture id="bucket_closet_mask" path="data\bucket_closet_mask.png"/>
  </group>

  <group name="room">
    <texture id="babl_room" path="data\room\babl_room.png"/>
    <texture id="bobcat1_room" path="data\room\bobcat1_room.png"/>
    <texture id="bobcat2_room" path="data\room\bobcat2_room.png"/>
    <texture id="bobcat3_room" path="data\room\bobcat3_room.png"/>
    <texture id="bobcat4_room" path="data\room\bobcat4_room.png"/>
    <texture id="bobcat5_room" path="data\room\bobcat5_room.png"/>
    <texture id="bullfinch1_room" path="data\room\bullfinch1_room.png"/>
    <texture id="bullfinch2_room" path="data\room\bullfinch2_room.png"/>
    <texture id="bullfinch3_room" path="data\room\bullfinch3_room.png"/>
    <texture id="cactus_room" path="data\room\cactus_room.png"/>
    <texture id="cactus_flower_room" path="data\room\cactus_flower_room.png"/>
    <texture id="clock_room" path="data\room\clock_room.png"/>
    <texture id="clock_birds_room" path="data\room\clock_birds_room.png"/>
    <texture id="door_open_room" path="data\room\door_open_room.png"/>
    <texture id="door_room" path="data\room\door_room.png"/>
    <texture id="fon_room" path="data\room\fon_room.png"/>
    <texture id="shtora_palka_room" path="data\room\shtora_palka_room.png"/>
    <texture id="shtora_open1_room" path="data\room\shtora_open1_room.png"/>
    <texture id="shtora_open2_room" path="data\room\shtora_open2_room.png"/>
    <texture id="shtora_close1_room" path="data\room\shtora_close1_room.png"/>
    <texture id="shtora_close2_room" path="data\room\shtora_close2_room.png"/>
    <texture id="text_room" path="data\room\text_room.png"/>
    <texture id="tuk_tyk_room" path="data\room\tuk_tyk_room.png"/>
    <texture id="arrow" path="data\arrow.png"/>   +
    <texture id="arrow2" path="data\arrow2.png"/>
  </group>

  <group name="icebox">
    <texture id="bobcat1_icebox" path="data\icebox\bobcat1_icebox.png"/>
    <texture id="bobcat2_icebox" path="data\icebox\bobcat2_icebox.png"/>
    <texture id="bullfinch1_icebox" path="data\icebox\bullfinch1_icebox.png"/>
    <texture id="bullfinch2_icebox" path="data\icebox\bullfinch2_icebox.png"/>
    <texture id="chair_icebox" path="data\icebox\chair_icebox.png"/>
    <texture id="fon_icebox" path="data\icebox\fon_icebox.png"/>
    <texture id="icebox_icebox" path="data\icebox\icebox_icebox.png"/>
    <texture id="icebox_open1_icebox" path="data\icebox\icebox_open1_icebox.png"/>
    <texture id="icebox_open2_icebox" path="data\icebox\icebox_open2_icebox.png"/>
    <texture id="shtora_icebox" path="data\icebox\shtora_icebox.png"/>
    <texture id="shtora_open_icebox" path="data\icebox\shtora_open_icebox.png"/>
    <texture id="shadow_icebox" path="data\icebox\shadow_icebox.png"/>
    <texture id="covrikc_icebox" path="data\icebox\covrikc_icebox.png"/>
    <texture id="polka_icebox" path="data\icebox\polka_icebox.png"/>
  </group>

  <group name="cabinet">
    <texture id="bobcat1_cabinet" path="data\cabinet\bobcat1_cabinet.png"/>
    <texture id="bobcat2_cabinet" path="data\cabinet\bobcat2_cabinet.png"/>
    <texture id="bullfinch1_cabinet" path="data\cabinet\bullfinch1_cabinet.png"/>
    <texture id="bullfinch2_cabinet" path="data\cabinet\bullfinch2_cabinet.png"/>
    <texture id="cabinet_close_cabinet" path="data\cabinet\cabinet_close_cabinet.png"/>
    <texture id="cabinet_open_cabinet" path="data\cabinet\cabinet_open_cabinet.png"/>
    <texture id="cabinet_cabinet" path="data\cabinet\cabinet_cabinet.png"/>
    <texture id="fon_cabinet" path="data\cabinet\fon_cabinet.png"/>
  </group>

  <group name="street">
    <texture id="fon_street" path="data\street\fon_street.png"/>
    <texture id="fon_tree_street" path="data\street\fon_tree_street.png"/>
    <texture id="comok_small_street" path="data\street\comok_small_street.png"/>
    <texture id="comok_scarf_street" path="data\street\comok_scarf_street.png"/>
    <texture id="comok_eyes_street" path="data\street\comok_eyes_street.png"/>
    <texture id="comok_street" path="data\street\comok_street.png"/>
    <texture id="comok_carrot_street" path="data\street\comok_carrot_street.png"/>
    <texture id="comok_bucket_street" path="data\street\comok_bucket_street.png"/>
    <texture id="comok_broom_street" path="data\street\comok_broom_street.png"/>
    <texture id="comok_3_street" path="data\street\comok_3_street.png"/>
    <texture id="comok_2_street" path="data\street\comok_2_street.png"/>
    <texture id="cloud_street" path="data\street\cloud_street.png"/>
    <texture id="bullfinch6_street" path="data\street\bullfinch6_street.png"/>
    <texture id="bullfinch5_street" path="data\street\bullfinch5_street.png"/>
    <texture id="bullfinch4_street" path="data\street\bullfinch4_street.png"/>
    <texture id="bullfinch3_street" path="data\street\bullfinch3_street.png"/>
    <texture id="bullfinch2_street" path="data\street\bullfinch2_street.png"/>
    <texture id="bullfinch1_street" path="data\street\bullfinch1_street.png"/>
    <texture id="bullfinch_carrot_street" path="data\street\bullfinch_carrot_street.png"/>
    <texture id="bobcat_street" path="data\street\bobcat_street.png"/>
    <texture id="bobcat2_street" path="data\street\bobcat2_street.png"/>
    <texture id="bobcat3_street" path="data\street\bobcat3_street.png"/>
    <texture id="bobcat4_street" path="data\street\bobcat4_street.png"/>
    <texture id="bobcat5_street" path="data\street\bobcat5_street.png"/>
    <texture id="bobcat6_street" path="data\street\bobcat6_street.png"/>
    <texture id="bobcat7_street" path="data\street\bobcat7_street.png"/>
    <texture id="bobcat_eyes_street" path="data\street\bobcat_eyes_street.png"/>
  </group>

  <group name="room_2">
    <texture id="fon_room2" path="data\room_2\fon_room2.png"/>
    <texture id="fon_street_room2" path="data\room_2\fon_street_room2.png"/>
    <texture id="Mask_street_room2" path="data\room_2\Mask_street_room2.png"/>
    <texture id="door_room2" path="data\room_2\door_room2.png"/>
    <texture id="door_open_room2" path="data\room_2\door_open_room2.png"/>
    <texture id="clock_room2" path="data\room_2\clock_room2.png"/>
    <texture id="clock2_room2" path="data\room_2\clock2_room2.png"/>
    <texture id="bullfinch_room2" path="data\room_2\bullfinch_room2.png"/>
    <texture id="box_room2" path="data\room_2\box_room2.png"/>
    <texture id="bobcat_room2" path="data\room_2\bobcat_room2.png"/>
  </group>

  <group name="street_2">
    <texture id="bobcat1_street2" path="data\street_2\bobcat1_street2.png"/>
    <texture id="bullfinch1_street2" path="data\street_2\bullfinch1_street2.png"/>
    <texture id="snowman_street2" path="data\street_2\snowman_street2.png"/>
    <texture id="fon_housetree_street2" path="data\street_2\fon_housetree_street2.png"/>
    <texture id="fon_street2" path="data\street_2\fon_street2.png"/>
    <texture id="fon_tree_street2" path="data\street_2\fon_tree_street2.png"/>
    <texture id="conez_street2" path="data\street_2\conez_street2.png"/>
  </group>

  <group name="firstscreen">
    <texture id="logo" path="data\logo\logo.png"/>
    <texture id="start" path="data\start.png"/>
    <texture id="start2" path="data\start2.png"/>
  </group>

  <group name="shema">
    <texture id="shema" path="data\shema\shema.png"/>
    <texture id="text" path="data\shema\text.png"/>
  </group>

  <texture id="textback1" path="data\textback1.png"/>

</Resources>

